brand,category,likes,shares,comments,views,trend_score
Nike,Kids,3060,379,476,74752,8908.1
Nike,Women,4317,116,110,53243,7107.900000000001
Adidas,Men,4126,963,440,56209,7648.200000000001
Adidas,Women,3229,486,8,15126,2951.6000000000004
Adidas,Women,4400,822,409,43937,6482.1
Nike,Women,527,609,243,63394,6781.500000000001
Nike,Kids,483,121,365,67372,7039.700000000001
Nike,Women,2759,335,470,48069,6105.000000000001
Adidas,Kids,101,743,161,34017,3697.2000000000003
Adidas,Kids,619,158,101,30744,3389.6
Adidas,Men,4822,500,37,39410,6027.200000000001
Nike,Men,2124,267,389,17299,2737.4
Nike,Kids,1584,882,36,78624,8767.800000000001
Nike,Men,2567,705,451,76252,8953.7
Nike,Men,1122,258,107,5221,1069.7
Nike,Men,2043,620,417,24237,3510.3
Nike,Kids,2790,129,260,70777,8284.400000000001
Adidas,Men,273,574,92,31179,3417.7
Adidas,Kids,1333,450,125,49221,5615.3
Adidas,Women,1891,999,463,66747,7823.400000000001
Adidas,Women,4599,70,221,88697,10774.5
Nike,Kids,1170,576,448,60749,6805.3
Nike,Kids,4238,736,326,99615,11942.7
Adidas,Women,649,82,16,73830,7670.4
Nike,Women,1740,597,84,40938,4985.7
Adidas,Kids,1092,931,376,71443,7935.6
Adidas,Kids,2720,790,460,36640,5081.0
Nike,Kids,1042,187,381,12583,1807.4
Adidas,Kids,1296,482,295,77247,8446.7
Nike,Men,1365,62,464,75436,8201.0
Nike,Kids,2878,369,156,40800,5373.1
Adidas,Women,1378,535,267,63840,7149.1
Nike,Kids,4083,316,256,67174,8496.6
Nike,Kids,4669,858,175,39169,6076.9
Adidas,Men,3100,242,274,47802,6147.599999999999
Nike,Men,2600,127,491,50795,6255.8
Adidas,Kids,2774,931,69,16637,3066.4
Adidas,Kids,918,448,277,41589,4715.900000000001
Nike,Men,2255,608,171,93742,10492.800000000001
Nike,Women,3500,34,78,52906,6716.400000000001
Adidas,Women,4069,699,296,5193,2415.8
Adidas,Men,1833,192,18,18067,2601.1000000000004
Nike,Men,4728,680,409,59506,8127.6
Nike,Men,1597,152,61,60269,6723.500000000001
Adidas,Women,4441,889,167,92295,11306.0
Adidas,Men,4860,498,336,9466,3107.2
Nike,Kids,4177,228,122,28248,4588.400000000001
Adidas,Women,4005,272,268,98383,11575.5
Nike,Men,3282,642,290,59473,7510.700000000001
Adidas,Women,4451,1000,217,25126,4636.400000000001
Nike,Women,3272,200,111,33784,4769.400000000001
Adidas,Women,3999,258,277,97358,11468.2
Nike,Men,2853,930,176,74486,8904.0
Adidas,Women,2369,881,158,55480,6791.5
Adidas,Kids,2718,601,341,69689,8304.6
Nike,Women,1679,90,305,48892,5648.8
Adidas,Women,429,453,144,15291,1865.4
Nike,Women,2348,342,354,60608,7173.4
Adidas,Kids,4349,665,490,6632,2700.3
Nike,Women,4782,570,129,80260,10135.6
Adidas,Women,2283,781,433,83495,9583.6
Adidas,Men,2743,246,288,75854,8814.0
Adidas,Kids,826,642,449,16724,2285.2
Nike,Men,1191,570,380,38356,4559.0
Nike,Women,1710,592,338,11206,2049.8
Nike,Men,693,704,441,75423,8118.900000000001
Nike,Men,4992,671,320,54650,7727.1
Nike,Men,4709,890,416,80596,10293.400000000001
Adidas,Women,1431,319,402,73656,8114.1
Adidas,Men,659,232,326,80929,8491.300000000001
Nike,Men,2969,736,66,55131,6934.700000000001
Adidas,Men,3021,107,488,29204,4258.5
Nike,Men,4091,726,493,93293,11282.1
Nike,Men,2484,734,488,8043,2115.7
Adidas,Kids,4055,360,217,84505,10223.9
Nike,Kids,774,306,469,50858,5581.0
Adidas,Women,4425,684,28,77091,9689.9
Nike,Men,2019,286,87,66382,7549.000000000001
Adidas,Kids,4062,600,5,80396,9845.400000000001
Adidas,Men,413,697,498,48327,5306.599999999999
Nike,Women,2414,992,254,18055,3119.5
Nike,Kids,1504,998,476,33725,4368.7
Adidas,Kids,2619,252,497,72075,8430.1
Adidas,Women,905,431,190,16233,2152.6000000000004
Nike,Kids,4372,742,486,34970,5565.6
Adidas,Women,4554,542,407,42412,6306.799999999999
Nike,Women,4849,392,317,16114,3732.0000000000005
Nike,Women,4261,342,225,46919,6543.900000000001
Nike,Kids,1360,222,387,68675,7555.5
Nike,Women,2031,408,34,15104,2452.0
Nike,Kids,602,397,310,13408,1762.7000000000003
Nike,Men,1538,170,178,97167,10418.5
Adidas,Women,2259,861,409,10330,2276.7
Nike,Kids,4303,308,190,90949,10946.5
Adidas,Kids,2540,66,199,31143,4189.9
Adidas,Men,3620,47,236,96809,11190.199999999999
Nike,Men,1407,183,277,14976,2170.7000000000003
Nike,Men,1683,931,392,67959,7826.800000000001
Nike,Men,2991,787,144,4269,1888.2
Nike,Kids,2971,970,451,65065,8076.1
Adidas,Men,1642,519,192,59340,6784.9
Nike,Men,1833,915,135,44508,5485.5
Adidas,Women,3553,236,442,65800,8160.4
Adidas,Kids,310,945,132,41758,4609.7
Nike,Kids,653,529,299,33626,3842.3
Adidas,Kids,2936,253,387,35833,4911.0
Nike,Men,4940,549,105,12128,3374.5
Nike,Kids,4450,131,178,31848,5039.7
Adidas,Men,1439,713,194,44476,5275.900000000001
Nike,Men,224,559,88,24095,2684.4
Nike,Women,805,203,138,92475,9658.0
Nike,Women,2535,951,446,11572,2545.7
Nike,Women,1258,278,198,23037,2929.9000000000005
Nike,Kids,4507,484,435,24218,4456.8
Nike,Kids,4079,67,293,54562,7166.500000000001
Adidas,Women,4704,928,348,79546,10184.2
Adidas,Women,3213,53,157,3021,1634.6000000000004
Adidas,Women,2991,713,309,18630,3335.1000000000004
Adidas,Women,4503,790,326,19934,4096.8
Nike,Men,2726,357,42,49156,6121.5
Adidas,Women,4170,391,264,14483,3286.4
Nike,Women,2572,972,108,70445,8386.5
Adidas,Women,2836,468,224,28738,4193.400000000001
Nike,Men,2914,360,317,14341,2771.1000000000004
Nike,Kids,4271,972,311,62692,8331.400000000001
Nike,Women,4633,488,101,36245,5644.3
Adidas,Men,1908,475,418,83433,9332.6
Adidas,Women,1131,923,213,1475,919.4
Nike,Kids,1312,233,250,75959,8240.6
Adidas,Men,3946,522,488,67837,8616.300000000001
Nike,Men,1513,477,369,78949,8717.0
Nike,Women,2625,272,263,56517,6835.900000000001
Adidas,Men,539,898,289,61312,6674.000000000001
Nike,Women,2521,46,51,95904,10622.8
Adidas,Men,2639,679,381,22002,3535.7000000000007
Nike,Men,2982,553,137,86791,10065.2
Nike,Women,4696,79,237,16166,3566.1000000000004
Nike,Men,2175,305,50,65360,7507.5
Adidas,Kids,3139,974,117,34272,4998.400000000001
Nike,Men,2498,552,425,19130,3162.8
Nike,Women,4059,867,436,8023,2773.2000000000003
Adidas,Men,1583,21,25,56531,6297.6
Adidas,Women,401,242,302,29544,3247.8
Adidas,Kids,2284,681,460,84553,9665.2
Nike,Men,3836,713,372,87575,10580.2
Nike,Kids,2958,563,467,24727,3918.2000000000007
Nike,Women,4074,237,439,95703,11358.800000000001
Nike,Kids,2866,465,470,68118,8191.700000000001
Nike,Women,1194,810,169,83727,9127.1
Nike,Women,2964,179,47,40909,5339.6
Nike,Men,3214,203,35,73458,8699.300000000001
Adidas,Women,1818,778,223,6179,1623.1000000000001
Adidas,Women,899,669,47,75017,8071.400000000001
Nike,Women,3011,751,297,73525,8841.6
Nike,Women,4896,520,488,70259,9237.900000000001
Nike,Men,2641,742,211,69439,8265.1
Nike,Kids,2842,662,24,9691,2309.2999999999997
Adidas,Women,4897,841,327,68648,9141.300000000001
Adidas,Kids,2399,588,146,22055,3370.7
Adidas,Men,1364,453,355,76863,8438.8
Nike,Men,2288,730,89,15701,2722.1000000000004
Adidas,Women,3179,318,136,39323,5326.5
Adidas,Men,3919,144,235,69829,8640.7
Nike,Men,2197,982,147,47612,5964.0
Adidas,Women,887,721,117,32695,3864.0
Nike,Women,3057,269,61,49063,6222.0
Nike,Kids,1220,385,52,44262,5040.099999999999
Adidas,Kids,1399,375,179,53546,6062.5
Nike,Men,483,401,168,10075,1354.6
Nike,Kids,2951,823,160,53901,6849.400000000001
Adidas,Kids,3139,309,368,3242,1746.1000000000001
Adidas,Women,3347,269,485,13074,2823.9000000000005
Nike,Women,951,445,238,34452,4006.7000000000003
Adidas,Kids,3380,625,76,6608,2215.5
Adidas,Women,183,354,51,15716,1761.2
Adidas,Women,3642,587,418,87257,10442.2
Nike,Women,332,647,154,14211,1778.8000000000002
Nike,Women,2240,320,41,39333,4933.5
Nike,Men,1447,28,96,50934,5699.800000000001
Adidas,Women,754,665,393,38848,4464.5
Adidas,Kids,3972,933,314,37816,5713.1
Adidas,Men,2833,787,293,43708,5798.7
Nike,Men,213,839,425,34665,3888.4
Nike,Women,3079,205,465,97069,11093.0
Nike,Men,3210,219,485,4912,1937.9
Adidas,Men,1153,440,325,4648,1123.0
Nike,Kids,1483,565,238,4042,1214.5
Adidas,Kids,2916,296,345,3516,1675.8000000000002
Adidas,Kids,2638,160,200,31299,4273.1
Nike,Kids,629,494,233,51516,5598.0
Adidas,Women,218,225,117,62060,6384.1
Adidas,Men,4511,725,114,5714,2616.1
Nike,Kids,1172,550,241,67577,7439.700000000001
Adidas,Men,4419,811,221,93147,11369.800000000001
Adidas,Women,1511,745,35,52417,6076.6
Nike,Men,1349,797,173,39394,4752.7
Adidas,Women,1309,307,33,66757,7298.000000000001
Nike,Women,2524,811,132,39115,5190.8
Adidas,Kids,716,612,313,1155,648.1
Adidas,Men,1084,847,495,45669,5353.6
Adidas,Men,2659,561,379,18917,3199.4
Nike,Men,3520,90,471,38411,5370.3
Nike,Men,4148,811,326,76492,9616.900000000001
Nike,Women,4781,74,144,90506,11014.0
Nike,Women,1142,145,374,80712,8646.300000000001
Adidas,Kids,2797,250,372,82240,9492.2
Adidas,Kids,3356,756,157,96961,11296.7
Adidas,Kids,964,354,335,78234,8382.2
Nike,Women,515,837,432,98061,10349.6
Adidas,Women,4338,736,186,61054,8098.6
Nike,Men,4051,919,482,19771,3969.6000000000004
Adidas,Kids,1327,199,421,66485,7323.2
Nike,Women,103,550,58,81758,8393.6
Nike,Men,2604,629,400,56068,6917.1
Nike,Men,355,428,463,49280,5291.0
Adidas,Men,471,215,441,90849,9426.0
Adidas,Women,1750,477,321,30045,3911.8
Nike,Men,4825,886,379,54930,7764.6
Nike,Women,4786,126,76,78245,9791.9
Nike,Women,3556,129,323,97951,11320.800000000001
Adidas,Kids,390,232,60,93519,9589.5
Adidas,Women,3973,338,212,7083,2441.3
Adidas,Men,1627,947,116,29145,3872.6000000000004
Adidas,Women,2562,465,133,7839,1974.8
Nike,Kids,1547,182,289,27134,3444.6000000000004
Adidas,Men,2701,679,66,59810,7278.3
Nike,Kids,509,849,130,34412,3925.5000000000005
Nike,Women,2707,983,424,45366,5999.1
Adidas,Women,2507,157,374,11630,2287.7
Adidas,Kids,4512,93,265,32714,5157.1
Nike,Men,1245,783,74,67824,7530.1
Nike,Kids,707,180,262,97726,10161.800000000001
Adidas,Kids,1999,510,410,9312,1965.8
Adidas,Women,2440,394,332,63757,7536.300000000001
Nike,Women,1234,211,153,17612,2348.7
Nike,Women,1690,576,368,48683,5790.7
Nike,Kids,3310,931,136,89809,10611.4
Nike,Women,3211,675,235,97730,11306.9
Nike,Men,525,214,94,6570,950.0
Adidas,Women,4463,748,172,92228,11266.800000000001
Adidas,Men,1390,215,436,89120,9619.7
Adidas,Men,4331,12,417,69643,8783.7
Adidas,Kids,287,829,314,7588,1185.1000000000001
Adidas,Men,2845,604,252,63061,7675.700000000001
Nike,Women,1123,401,225,7045,1319.0
Nike,Women,3747,115,233,38610,5440.9
Nike,Kids,4193,620,81,33281,5207.5
Adidas,Kids,133,321,200,56437,5833.200000000001
Nike,Women,2910,547,334,69620,8356.9
Adidas,Men,1338,744,395,68332,7670.6
Nike,Men,2343,397,376,6703,1801.8000000000002
Nike,Women,3807,508,50,1402,1825.4000000000003
Adidas,Women,3361,625,331,87540,10352.1
Nike,Kids,1333,795,356,18266,2669.5
Adidas,Men,959,837,117,85632,9221.300000000001
Adidas,Kids,574,722,210,6055,1093.7
Nike,Women,124,573,327,35735,3860.4
Adidas,Women,2495,596,95,21754,3371.2
Adidas,Kids,399,268,152,79167,8187.1
Nike,Kids,1112,47,164,59387,6430.400000000001
Adidas,Kids,4051,621,427,76863,9578.4
Adidas,Kids,2439,938,216,88382,10138.400000000001
Nike,Women,3492,665,67,25825,4192.200000000001
Adidas,Women,1468,871,224,46644,5557.700000000001
Nike,Kids,3870,211,24,78440,9460.1
Adidas,Women,1373,759,282,42824,5115.700000000001
Adidas,Women,1684,483,392,96335,10530.4
Adidas,Women,1081,576,334,28754,3547.4
Adidas,Women,3443,889,347,74858,9199.1
Adidas,Men,1422,762,123,20451,2867.1000000000004
Nike,Men,995,475,39,10653,1613.6
Adidas,Women,4037,811,416,63736,8314.900000000001
Adidas,Kids,656,175,464,13509,1758.6000000000001
Nike,Kids,1911,304,61,79846,8852.400000000001
Adidas,Kids,3023,509,254,91384,10551.1
Adidas,Men,4508,881,210,96301,11739.6
Adidas,Women,1882,290,485,39981,4934.900000000001
Adidas,Men,1770,701,135,4715,1416.8
Adidas,Kids,1322,657,320,60500,6839.9
Adidas,Men,4133,864,406,9184,2912.0
Adidas,Women,2537,130,494,67904,7943.000000000001
Adidas,Women,4904,140,252,79365,9990.5
Adidas,Kids,825,834,241,6941,1322.5
Adidas,Women,691,600,380,54167,5949.1
Nike,Women,1462,438,154,65403,7287.3
Adidas,Men,1529,471,285,29632,3773.1000000000004
Nike,Men,4972,967,232,3108,2636.1000000000004
Nike,Kids,4801,581,98,69832,9097.5
Adidas,Women,995,295,177,64740,6995.9
Adidas,Women,3661,472,261,83609,10019.1
Nike,Men,2918,602,187,49832,6368.400000000001
Nike,Men,4569,974,451,59031,8113.1
Adidas,Women,343,822,331,1125,562.5
Nike,Men,4748,728,461,32883,5498.1
Nike,Women,2524,231,155,6032,1713.1000000000001
Adidas,Kids,4224,359,390,13709,3246.2000000000003
Nike,Men,1748,764,497,95651,10592.900000000001
Adidas,Men,1138,636,149,14033,2079.1000000000004
Adidas,Women,2437,991,200,34378,4749.900000000001
Adidas,Kids,4699,448,130,96071,11647.1
Nike,Women,1133,340,55,24743,3040.5
Adidas,Men,3704,152,467,91355,10756.1
Adidas,Women,3527,394,180,65212,8086.200000000001
Adidas,Men,2106,372,123,81565,9135.1
Nike,Kids,2406,832,113,73743,8608.9
Nike,Men,3313,106,214,18306,3230.4
Nike,Men,4330,794,242,89950,11013.6
Nike,Men,646,458,471,69011,7391.1
Adidas,Kids,4866,831,76,59324,8143.300000000001
Nike,Women,3094,985,328,31056,4704.3
Nike,Men,1774,934,236,65481,7585.1
Adidas,Kids,2358,896,191,97044,10954.6
Adidas,Men,2092,226,177,3644,1304.4
Nike,Kids,3005,919,457,33496,4918.700000000001
Nike,Kids,2463,46,121,28690,3892.2
Nike,Men,1101,394,96,32486,3826.4000000000005
Nike,Men,304,39,309,80404,8235.5
Adidas,Kids,4550,390,331,84231,10426.300000000001
Nike,Women,4609,737,334,71659,9297.400000000001
Nike,Women,1153,835,88,53443,6073.6
Nike,Women,3306,128,35,26251,3992.9000000000005
Nike,Kids,584,800,14,20846,2561.0
Adidas,Women,903,993,10,23829,3044.0
Nike,Kids,3094,482,288,38649,5304.7
Nike,Kids,1931,141,69,76310,8459.5
Adidas,Kids,646,986,154,36561,4241.1
Adidas,Men,2349,357,268,43796,5479.900000000001
Adidas,Men,3148,970,141,45232,6101.6
Adidas,Kids,199,185,462,62093,6436.8
Nike,Kids,865,773,125,82265,8829.4
Nike,Kids,2590,799,16,61322,7411.1
Adidas,Women,4579,293,79,50756,7010.900000000001
Nike,Men,4701,862,90,31419,5298.9
Nike,Kids,148,996,422,70822,7524.6
Adidas,Men,3941,894,447,82065,10140.5
Nike,Men,3971,266,165,8106,2511.8
Adidas,Kids,2684,495,75,46815,5918.6
Nike,Women,561,186,18,72282,7512.000000000001
Adidas,Women,1324,935,322,35045,4379.0
Nike,Men,1448,908,260,3725,1276.1
Nike,Women,2878,236,301,32505,4532.7
Nike,Kids,3383,880,141,47708,6416.200000000001
Adidas,Men,1219,971,53,72681,8057.6
Nike,Women,563,874,57,74441,7942.900000000001
Adidas,Kids,817,831,323,47565,5397.2
Nike,Men,4859,577,382,93304,11523.5
Nike,Kids,3983,465,298,34444,5236.7
Nike,Men,1143,895,166,25353,3294.2000000000003
Nike,Men,4782,53,274,36409,5624.400000000001
Nike,Men,2834,380,391,45432,5869.0
Nike,Men,2498,819,79,62499,7510.6
Nike,Kids,529,928,363,64089,6971.500000000001
Adidas,Women,2730,441,219,7358,2003.9
Nike,Kids,1475,62,408,18668,2557.0
Nike,Kids,1229,118,284,32159,3799.7
Nike,Men,4360,397,303,75958,9519.5
Adidas,Men,3177,289,227,39287,5331.6
Adidas,Kids,193,676,53,72276,7518.200000000001
Adidas,Men,1040,308,370,1250,707.4
Nike,Kids,4538,301,140,55582,7491.700000000001
Nike,Women,3227,434,76,94868,10923.000000000002
Nike,Men,2827,567,367,81978,9572.1
Adidas,Kids,1215,291,159,81545,8759.6
Adidas,Men,216,25,443,34293,3611.8
Nike,Kids,891,358,356,80425,8577.5
Adidas,Men,2968,952,300,99111,11443.9
Nike,Kids,4626,103,146,13529,3263.4000000000005
Nike,Women,2481,811,437,2227,1545.8000000000002
Nike,Men,3924,270,405,99186,11650.2
Nike,Men,2760,126,393,58973,7117.7
Adidas,Women,3694,129,340,95529,11137.2
Adidas,Men,4171,290,305,13261,3142.5
Nike,Men,1799,952,23,61501,7159.900000000001
Adidas,Kids,3264,885,21,2097,1785.0000000000002
Adidas,Men,2201,749,36,77772,8889.5
Nike,Women,4597,461,345,82861,10332.2
Nike,Women,4895,544,19,42433,6368.3
Nike,Men,3764,584,106,83284,10030.4
Adidas,Kids,4808,869,214,74027,9629.400000000001
Adidas,Men,3085,256,374,94349,10820.5
Nike,Men,2803,95,164,70955,8278.0
Nike,Men,4144,96,206,16877,3415.3
Nike,Women,1585,818,364,83206,9272.800000000001
Adidas,Women,819,556,150,51916,5716.0
Nike,Kids,2492,288,409,27120,3877.0
Nike,Men,1121,17,134,4384,918.7
Adidas,Kids,3901,996,401,53912,7330.6
Adidas,Women,342,662,319,53526,5751.8
Nike,Men,3281,722,338,47057,6302.299999999999
Nike,Women,3854,72,231,60693,7678.700000000001
Adidas,Women,1282,196,416,57521,6406.900000000001
Nike,Men,2507,898,46,36873,4968.700000000001
Adidas,Kids,4653,536,489,2193,2339.1000000000004
Adidas,Kids,4797,48,456,71045,9128.9
Nike,Kids,1123,672,416,99844,10718.400000000001
Adidas,Men,4652,962,273,38250,6029.0
Nike,Men,4671,870,116,55093,7661.9
Nike,Women,1869,966,415,13430,2463.4
Adidas,Women,4609,578,391,83663,10461.500000000002
Nike,Men,1529,468,25,38299,4586.9
Adidas,Women,2946,658,279,26682,4099.8
Nike,Men,2873,396,29,32456,4519.400000000001
Nike,Women,3026,196,233,41306,5446.400000000001
Nike,Men,3294,426,34,42510,5703.2
Adidas,Kids,2492,182,388,5487,1677.7
Adidas,Kids,3978,374,118,59799,7706.900000000001
Nike,Men,586,113,462,97522,10112.900000000001
Adidas,Kids,3796,405,18,82809,9924.4
Nike,Women,527,509,336,66077,7038.400000000001
Nike,Kids,1412,261,379,29732,3692.1000000000004
Nike,Kids,3134,748,84,80627,9557.5
Nike,Women,2040,483,354,74673,8499.0
Adidas,Kids,1631,365,155,32537,4046.6000000000004
Nike,Men,355,992,199,59101,6389.5
Adidas,Men,1953,954,259,18301,2949.3
Nike,Kids,1133,658,454,49538,5695.200000000001
Nike,Kids,122,495,497,44070,4703.7
Adidas,Women,4952,74,176,91018,11140.000000000002
Adidas,Men,1494,322,274,80168,8765.8
Adidas,Women,2403,562,302,75642,8754.400000000001
Nike,Women,1532,612,241,82483,9092.900000000001
Nike,Kids,4353,467,37,23226,4211.3
Nike,Men,4440,159,306,88606,10745.5
Adidas,Kids,516,29,384,48739,5165.8
Adidas,Women,3946,68,431,18724,3557.4000000000005
Adidas,Women,343,378,128,79603,8236.5
Nike,Women,3742,545,100,54450,7125.3
Adidas,Men,183,999,347,15864,2028.7
Nike,Men,4368,538,159,50838,7024.200000000001
Nike,Kids,3838,843,317,82698,10121.300000000001
Adidas,Women,4897,335,422,22088,4352.5
Nike,Men,3394,633,425,1164,1748.9000000000003
Adidas,Men,3638,1000,134,26041,4386.1
Adidas,Kids,2512,476,396,64105,7637.3
Nike,Kids,4350,162,118,87979,10610.099999999999
Nike,Men,3488,917,65,72250,8908.3
Nike,Women,4022,876,16,51427,7017.500000000001
Adidas,Kids,2243,557,350,99779,11112.2
Nike,Women,3798,68,265,21389,3731.5
Nike,Kids,2725,632,217,39697,5292.700000000001
Adidas,Kids,2436,299,180,85302,9630.300000000001
Nike,Men,3570,744,252,99731,11674.7
Nike,Women,2863,773,23,65796,7961.3
Nike,Men,1843,905,390,84326,9519.300000000001
Nike,Women,4514,499,17,67950,8753.7
Adidas,Men,1918,858,412,97321,10839.1
Adidas,Men,2999,456,356,65665,7974.1
Nike,Women,4857,126,165,7121,2725.7000000000003
Nike,Men,1767,48,360,89819,9775.1
Nike,Kids,530,346,457,36854,4092.6000000000004
Nike,Kids,4508,655,387,89317,11008.800000000001
Adidas,Kids,1221,132,150,26155,3173.5
Nike,Women,4180,443,372,75148,9394.1
Adidas,Kids,3801,999,79,47735,6609.4
Nike,Men,2398,769,128,23667,3582.2000000000003
Nike,Women,1222,613,433,59186,6677.900000000001
Adidas,Men,562,965,457,74285,8034.2
Nike,Kids,3270,177,92,66653,8044.8
Nike,Kids,2718,913,112,99583,11341.800000000001
Nike,Kids,3238,838,479,70044,8646.800000000001
Adidas,Kids,1910,347,476,45468,5510.1
Nike,Kids,2321,606,116,63712,7504.6
Adidas,Men,2757,910,177,24769,3888.1000000000004
Adidas,Women,925,683,126,36954,4295.5
Nike,Kids,1770,364,224,6485,1510.5
Adidas,Men,1498,964,418,96403,10612.300000000001
Nike,Men,291,885,160,4891,903.0
Adidas,Men,724,587,469,34266,3986.1000000000004
Adidas,Kids,4205,228,266,39640,5767.6
Adidas,Kids,3038,197,337,7298,2071.5
Adidas,Women,1660,250,10,89639,9704.9
Adidas,Men,3251,95,257,5183,1898.6000000000004
Adidas,Men,3106,413,56,85319,9909.4
Nike,Women,4916,309,365,43562,6488.299999999999
Adidas,Men,3551,344,329,64989,8088.300000000001
Nike,Kids,3881,268,48,79461,9588.5
Adidas,Women,199,766,118,15969,1929.9
Nike,Women,4295,982,33,79565,9975.7
Adidas,Men,1501,885,186,7507,1653.8000000000002
Nike,Men,2719,647,386,55257,6884.6
Nike,Men,3529,833,25,7021,2368.6
Nike,Kids,749,153,428,13366,1767.7000000000003
Nike,Men,3475,312,387,8907,2451.7
Nike,Men,2301,215,429,9086,1979.3000000000002
Adidas,Men,4777,94,138,21194,4086.0
Nike,Kids,2777,954,124,27372,4159.0
Nike,Kids,493,370,471,99559,10358.300000000001
Nike,Kids,989,841,495,16050,2351.9
Adidas,Kids,4074,264,114,20394,3771.0
Nike,Kids,264,338,409,29032,3192.0000000000005
Nike,Men,4412,79,423,45514,6424.500000000001
Adidas,Kids,1380,114,294,59655,6610.5
Nike,Men,4072,827,419,64965,8457.2
Adidas,Kids,1823,968,237,70325,8099.5
Nike,Men,4862,919,229,32154,5481.700000000001
Adidas,Kids,1251,663,256,17379,2488.4
Adidas,Kids,4204,66,184,42804,6018.6
Nike,Men,2310,79,357,8311,1850.2
Adidas,Women,3955,904,185,11347,3024.9
Nike,Kids,4071,769,429,48421,6787.0
Adidas,Men,2210,578,437,58645,7009.3
Adidas,Women,272,500,33,54469,5712.3
Adidas,Kids,1795,266,160,11953,2025.1
Adidas,Kids,1340,787,358,69922,7835.900000000001
Adidas,Men,3522,404,488,90529,10680.5
Adidas,Kids,2363,561,139,69462,8087.500000000001
Adidas,Men,2562,48,272,73037,8397.300000000001
Nike,Kids,2543,23,153,82719,9326.6
Nike,Kids,3491,973,225,16948,3428.1000000000004
Adidas,Kids,1945,745,335,20327,3101.2
Nike,Kids,1479,326,204,27432,3473.4
Nike,Women,2756,223,314,2516,1483.7000000000003
Nike,Kids,466,549,365,73814,7805.500000000001
Nike,Women,109,902,408,25897,2985.5000000000005
Adidas,Women,132,783,310,58108,6160.5
Adidas,Men,4557,752,419,83737,10505.900000000001
Nike,Women,691,554,317,35268,4032.8
Nike,Kids,4813,699,473,47714,7000.900000000001
Adidas,Kids,1238,588,47,15165,2197.5
Adidas,Women,1657,87,152,72780,7997.3
Nike,Men,3069,754,442,23714,3913.6000000000004
Adidas,Kids,777,844,287,26656,3287.0000000000005
Adidas,Women,1799,328,386,98551,10750.300000000001
Adidas,Kids,3816,374,191,86937,10370.5
Nike,Women,2091,591,171,85097,9557.6
Adidas,Men,1118,790,246,11161,1849.5000000000002
Adidas,Kids,3153,35,431,51514,6509.300000000001
Nike,Kids,1657,252,423,38035,4626.5
Adidas,Women,1717,471,124,2480,1100.9
Adidas,Women,3390,648,423,36553,5290.3
Adidas,Women,4651,225,342,22977,4294.0
Adidas,Women,3804,122,345,50781,6705.3
Adidas,Women,3851,923,187,48197,6674.4
Nike,Women,1871,721,96,33061,4290.0
Nike,Women,4990,611,142,69320,9139.7
Adidas,Men,3157,952,454,82286,9867.800000000001
Adidas,Women,2834,539,60,57313,7038.6
Nike,Kids,4023,407,62,21432,3886.9000000000005
Adidas,Men,3056,637,473,7562,2264.3
Nike,Kids,189,176,421,18558,2068.4
Nike,Kids,2679,574,493,84673,9809.7
Nike,Women,2402,856,454,55122,6820.6
Nike,Women,1861,792,290,58986,6938.6
Adidas,Kids,3038,551,491,40278,5506.5
Nike,Women,4455,734,274,25431,4600.1
Adidas,Women,1145,324,242,87791,9382.7
Adidas,Men,4524,357,274,41337,6105.2
Nike,Kids,3077,655,498,85952,10122.1
Adidas,Kids,1175,288,399,39978,4634.0
Adidas,Kids,1679,647,399,22462,3191.7000000000003
Adidas,Women,291,724,499,44360,4869.4
Adidas,Kids,959,34,251,44543,4898.3
Nike,Women,2759,287,309,40583,5309.8
Adidas,Kids,1616,988,14,50569,6002.500000000001
Adidas,Men,2900,984,176,10707,2561.1000000000004
Nike,Men,572,780,282,58134,6332.6
Nike,Men,3554,753,496,6056,2352.3
Nike,Kids,1534,991,362,63176,7300.900000000001
Nike,Kids,4537,283,128,58049,7730.200000000001
Adidas,Women,2982,223,26,17717,3036.6000000000004
Adidas,Kids,1279,112,39,58865,6439.5
Adidas,Kids,1490,783,462,14232,2346.5
Nike,Kids,2732,723,234,31355,4492.0
Adidas,Men,1016,527,316,9207,1548.4
Nike,Men,375,561,436,34587,3864.2000000000003
Nike,Women,2584,238,400,25038,3688.8
Nike,Women,461,685,93,85104,8918.9
Nike,Kids,1763,454,136,55764,6445.000000000001
Adidas,Women,530,196,5,39060,4177.8
Nike,Men,4874,247,106,88871,10932.0
Adidas,Men,2224,40,119,45334,5458.8
Nike,Kids,631,296,37,86003,8948.900000000001
Adidas,Men,517,73,404,57515,6061.0
Nike,Women,4769,820,159,97930,11978.400000000001
Nike,Women,152,708,145,33624,3664.6
Adidas,Men,221,989,166,4946,912.9000000000001
Adidas,Men,4971,549,65,27253,4891.4
Nike,Men,2336,402,93,7265,1800.1
Adidas,Kids,2136,438,212,31354,4163.6
Adidas,Women,3998,983,167,79685,9896.0
Adidas,Kids,1203,846,94,89883,9742.1
Nike,Women,1894,944,40,99697,11018.5
Nike,Men,3103,411,400,21994,3643.9
Nike,Kids,1340,1000,385,27096,3622.6000000000004
Adidas,Women,4599,432,462,72003,9261.9
Nike,Kids,3853,101,289,37532,5382.5
Nike,Kids,4562,826,344,56319,7773.300000000001
Nike,Men,3423,209,34,8352,2273.9
Adidas,Women,4504,56,465,60496,7961.0
Adidas,Women,2217,747,363,48993,6082.8
Nike,Men,2519,955,291,42064,5558.700000000001
Adidas,Women,636,950,414,48145,5436.7
Adidas,Kids,876,266,390,63375,6845.7
Nike,Kids,3510,624,409,73431,9016.1
Nike,Men,4318,979,461,57342,7847.300000000001
Adidas,Men,3786,203,437,16639,3326.6000000000004
Nike,Men,3546,447,432,56769,7315.800000000001
Nike,Kids,2427,332,421,11623,2316.9
Nike,Kids,108,529,157,26028,2836.1000000000004
Adidas,Women,4221,513,6,7439,2587.4000000000005
Nike,Women,3727,237,216,69310,8536.1
Nike,Kids,846,121,40,6281,1010.8000000000001
Nike,Women,2125,746,52,6613,1745.5
Adidas,Women,1672,282,310,99715,10786.9
Adidas,Women,1539,592,298,68854,7738.200000000001
Adidas,Kids,315,640,446,68884,7295.6
Adidas,Women,521,901,432,42429,4808.000000000001
Nike,Women,1594,75,242,18266,2535.1000000000004
Nike,Women,238,567,286,73692,7691.700000000001
Nike,Women,2763,492,267,11426,2448.8
Adidas,Men,1395,756,347,50470,5901.2
Nike,Women,3606,359,37,90871,10644.6
Adidas,Men,2392,212,426,25491,3654.7000000000007
Adidas,Women,3508,54,175,66706,8125.0
Nike,Women,1562,189,66,3550,1049.7000000000003
Nike,Kids,2289,36,200,26649,3631.3
Nike,Men,3521,642,18,90317,10636.300000000001
Adidas,Men,1654,158,297,95534,10321.8
Nike,Men,2643,139,388,39458,5122.3
Nike,Men,1550,162,431,38965,4651.3
Nike,Men,2202,58,136,72079,8133.300000000001
Adidas,Women,644,494,74,36515,4072.1
Nike,Women,1569,478,177,48695,5675.9
Adidas,Men,3378,754,313,84317,10071.7
Adidas,Men,3538,401,296,35861,5180.8
Adidas,Men,3437,285,221,49065,6411.0
Adidas,Women,2985,425,443,89657,10375.800000000001
Nike,Kids,1231,337,223,4141,1052.2
Nike,Women,547,832,138,17495,2245.5
Adidas,Men,3012,12,12,73668,8577.6
Adidas,Men,4496,37,258,20203,3881.4
Adidas,Kids,1242,969,259,85784,9417.699999999999
Nike,Men,3214,620,32,53626,6840.6
Nike,Women,2953,71,381,68482,8126.900000000001
Nike,Women,707,517,298,26362,3133.7000000000003
Adidas,Kids,4092,768,495,26214,4587.6
Nike,Kids,1245,114,463,13219,1946.7000000000003
Nike,Women,1536,311,409,32885,4078.0
Adidas,Women,3204,919,206,94940,11092.5
Adidas,Kids,3825,104,268,94766,11091.4
Nike,Men,4948,825,25,52555,7487.2
Nike,Men,3362,868,30,30946,4705.800000000001
Nike,Kids,4978,336,333,19610,4119.6
Adidas,Women,2076,432,205,7390,1740.0
Adidas,Women,352,824,353,84747,8933.300000000001
Adidas,Women,4140,975,270,41295,6132.0
Nike,Men,4686,68,132,47277,6648.9
Nike,Men,2589,167,261,57308,6868.700000000001
Adidas,Women,2239,80,234,77183,8684.7
Nike,Men,3596,223,87,13705,2893.2000000000003
Nike,Women,4802,75,112,59155,7881.200000000001
Nike,Kids,2475,912,334,30493,4379.7
Nike,Men,4598,93,419,60034,7954.300000000001
Nike,Women,4109,895,203,83092,10261.900000000001
Nike,Women,4099,896,240,14366,3393.0
Adidas,Men,714,55,188,77481,8087.8
Nike,Kids,2738,17,442,59249,7113.6
Adidas,Women,128,484,394,91599,9435.1
Adidas,Men,2269,799,480,76909,8934.2
Nike,Men,233,580,72,55329,5814.500000000001
Nike,Kids,2865,339,436,47846,6119.5
Nike,Women,524,11,325,10882,1366.1000000000001
Nike,Men,3173,609,63,35674,5031.9
Adidas,Men,3759,615,309,65312,8281.1
Nike,Women,244,864,64,93041,9673.7
Nike,Kids,1075,49,17,34190,3867.1
Adidas,Kids,2572,690,274,81453,9435.9
Adidas,Women,1502,821,313,72973,8207.0
Adidas,Kids,4403,886,54,36766,5714.400000000001
Nike,Women,387,414,491,79429,8320.1
Nike,Women,734,122,186,53424,5709.8
Nike,Men,391,433,475,91351,9516.4
Adidas,Men,3653,29,475,8495,2414.4
Nike,Kids,1386,718,81,31079,3893.9
Adidas,Men,522,342,53,54075,5729.5
Adidas,Women,3949,658,44,48254,6611.200000000001
Nike,Kids,388,410,317,85343,8875.900000000001
Nike,Kids,104,33,31,97090,9766.7
Nike,Women,701,550,194,12707,1754.9
Adidas,Women,4204,736,369,11497,3125.9
Nike,Kids,1009,257,460,99484,10521.100000000002
Nike,Women,850,413,114,17766,2263.3
Adidas,Women,4975,227,58,34602,5529.9
Nike,Men,952,303,336,37696,4308.5
Nike,Kids,3244,379,103,21006,3532.5
Adidas,Men,165,958,496,86861,9138.7
Nike,Men,2468,655,5,92213,10406.000000000002
Adidas,Kids,415,541,45,37600,4097.3
Nike,Kids,4782,564,366,52584,7413.6
Nike,Kids,3166,318,422,92563,10702.500000000002
Nike,Women,3167,930,479,39221,5563.700000000001
Adidas,Women,2485,873,375,7454,2076.3
Adidas,Kids,1606,403,395,1657,1008.0000000000001
Adidas,Kids,1947,472,412,53725,6375.3
Nike,Men,1780,289,166,72378,8069.700000000001
Nike,Kids,1568,596,322,94577,10328.1
Nike,Women,1034,155,50,47747,5244.8
Nike,Men,105,408,279,1576,377.8
Adidas,Women,3070,63,214,94805,10770.2
Adidas,Kids,1103,852,244,66367,7382.300000000001
Nike,Kids,4173,874,357,77566,9759.400000000001
Nike,Kids,226,266,307,13784,1610.0
Adidas,Kids,3288,552,112,57043,7207.5
Adidas,Women,1916,815,182,49847,6032.000000000001
Nike,Kids,2215,730,143,19407,3074.3
Adidas,Men,1824,662,486,64436,7469.0
Nike,Kids,929,536,141,60626,6623.200000000001
Nike,Kids,3156,312,251,90685,10474.7
Nike,Women,3194,753,217,24973,4044.2000000000007
Adidas,Kids,2624,30,22,82809,9343.9
Nike,Kids,248,675,306,42519,4614.8
Adidas,Men,944,221,318,7096,1217.1000000000001
Nike,Kids,4043,33,162,22021,3861.6000000000004
Nike,Women,1689,679,154,35604,4470.5
Nike,Men,2941,262,244,30140,4317.8
Adidas,Men,4773,126,474,6670,2708.8
Nike,Kids,3286,925,61,28437,4447.8
Nike,Men,1439,275,496,56789,6436.200000000001
Adidas,Men,1220,694,368,98992,10669.0
Nike,Women,1890,302,479,41850,5127.4
Nike,Kids,1065,977,186,86942,9450.5
Nike,Women,4410,240,363,90974,11006.0
Adidas,Men,2241,790,102,7207,1874.5000000000002
Adidas,Kids,485,322,396,79483,8318.1
Nike,Women,3496,309,272,21178,3663.3
Adidas,Women,278,317,409,62330,6521.1
Nike,Men,3875,624,307,50582,6856.800000000001
Adidas,Women,3601,884,101,68889,8614.7
Adidas,Women,2618,561,417,51667,6465.6
Nike,Kids,3358,777,404,44399,6097.0
Nike,Kids,2852,946,162,89566,10413.6
Adidas,Men,263,807,350,20645,2481.8
Adidas,Kids,1928,287,239,27505,3655.6
Nike,Men,517,537,229,58350,6248.7
Nike,Men,4387,120,452,94883,11369.500000000002
Nike,Men,2190,858,357,37079,4912.700000000001
Adidas,Kids,920,992,469,65554,7314.8
Adidas,Kids,2119,450,152,97953,10808.300000000001
Nike,Women,2882,741,26,99757,11356.0
Nike,Kids,4861,216,410,77327,9823.900000000001
Adidas,Women,1200,494,473,50065,5729.3
Adidas,Men,3390,976,426,41996,5933.6
Adidas,Men,4675,732,190,83773,10504.900000000001
Nike,Women,2955,291,146,52570,6555.5
Adidas,Kids,4977,483,147,84684,10633.5
Nike,Men,2457,23,133,32226,4238.900000000001
Adidas,Women,2925,996,136,51905,6686.5
Nike,Women,4264,260,417,93735,11240.5
Adidas,Kids,3107,346,129,32832,4655.6
Nike,Men,3703,800,361,60394,7832.800000000001
Nike,Kids,2558,656,343,34776,4766.200000000001
Nike,Women,3997,471,455,48479,6679.000000000001
Nike,Kids,275,221,7,51737,5351.400000000001
Nike,Kids,2945,930,434,17989,3342.7
Nike,Men,1224,587,445,95150,10269.7
Nike,Kids,2588,778,384,69388,8284.2
Nike,Kids,2165,196,47,39435,4877.7
Adidas,Men,1904,246,91,98492,10702.800000000001
Adidas,Men,2969,195,319,59881,7298.0
Nike,Men,1938,983,224,43878,5502.7
Nike,Women,1079,383,204,34344,4021.7
Nike,Men,4699,395,290,36348,5690.900000000001
Nike,Men,3058,397,210,51378,6522.1
Adidas,Women,1412,13,197,40109,4619.0
Adidas,Men,1491,531,383,72940,8126.3
Nike,Women,4328,168,270,77420,9577.6
Adidas,Kids,629,994,324,59798,6594.4
Nike,Men,3067,655,74,35596,4997.700000000001
Nike,Kids,2322,368,410,81104,9231.6
Adidas,Women,3477,576,68,82382,9815.400000000001
Nike,Kids,2530,978,12,61076,7415.400000000001
Adidas,Men,3666,710,436,15195,3286.1000000000004
Nike,Kids,2006,1000,98,17572,2879.2
Adidas,Women,3503,548,257,4424,2059.4
Nike,Kids,2761,888,199,17440,3154.6000000000004
Nike,Kids,3086,528,434,46101,6089.700000000001
Nike,Men,4227,884,283,1525,2165.1000000000004
Adidas,Men,2042,342,103,26069,3546.9
Nike,Women,3696,200,482,75399,9174.7
Adidas,Men,2860,200,107,17401,2965.5
Adidas,Kids,3008,498,25,93060,10663.6
Nike,Women,816,55,426,79173,8345.4
Nike,Women,3196,291,174,26856,4086.1000000000004
Adidas,Kids,3994,821,434,26503,4581.0
Adidas,Men,3562,901,334,92856,11047.5
Nike,Women,1629,601,185,68853,7754.2
Adidas,Kids,4778,493,351,18717,4001.0
Adidas,Women,1936,924,404,4895,1621.9
Nike,Men,4014,253,175,42872,6003.7
Nike,Men,3672,619,199,5574,2251.7000000000003
Nike,Women,602,471,42,69413,7331.8
Adidas,Men,726,667,129,70613,7577.6
Adidas,Kids,4785,111,415,41698,6200.1
Adidas,Kids,223,185,86,4363,598.2
Adidas,Kids,3067,450,143,92937,10684.1
Adidas,Women,3523,592,195,8136,2439.4
Adidas,Women,2074,236,11,45353,5437.900000000001
Adidas,Men,1548,533,451,99511,10820.4
Adidas,Men,3279,31,124,51004,6446.1
Adidas,Women,3894,708,357,34869,5328.3
Adidas,Kids,1441,485,77,31784,3915.7
Adidas,Women,3949,810,349,15821,3474.5
Adidas,Men,1856,640,270,88551,9843.5
SK,Men,2833,556,481,99918,11388.000000000002
SK,Women,1303,341,159,50608,5716.1
SK,Men,2491,478,151,58388,7008.8
SK,Men,1366,207,370,82312,8913.7
SK,Women,2111,672,281,60708,7173.0
SK,Men,2732,272,300,96909,10925.3
SK,Men,2092,697,182,53439,6426.200000000001
SK,Women,1989,246,428,78408,8795.8
SK,Men,2021,313,427,56503,6638.0
SK,Men,2598,462,142,80811,9287.300000000001
SK,Women,2970,618,330,78562,9295.6
SK,Men,1664,488,114,79943,8829.1
SK,Men,1892,579,306,62154,7207.1
SK,Women,2977,462,123,93128,10666.800000000001
SK,Men,1901,210,439,62711,7182.3
SK,Men,1951,571,377,86768,9703.900000000001
SK,Women,2324,626,470,88505,10061.9
SK,Men,1217,560,422,58677,6606.900000000001
SK,Men,2510,357,152,68058,7947.3
SK,Women,2355,504,300,87524,9905.6
SK,Men,1251,538,227,80745,8781.7
SK,Men,2172,497,435,81698,9274.7
SK,Women,2277,316,252,92307,10286.7
SK,Men,1573,455,438,65473,7400.6
SK,Men,2992,460,157,84544,9820.6
SK,Women,2252,313,394,65312,7604.700000000001
SK,Men,1833,315,488,81124,9037.7
SK,Men,2045,269,332,53381,6303.200000000001
SK,Women,2305,276,407,64042,7490.400000000001
SK,Men,2837,590,443,74492,8849.6
SK,Men,2911,605,333,75005,8913.0
SK,Women,2100,661,144,76893,8756.4
SK,Men,2822,683,217,62806,7657.700000000001
SK,Men,1669,435,471,64823,7374.6
SK,Women,2431,640,273,97207,10939.7
SK,Men,2849,207,329,63963,7663.8
SK,Men,2752,253,376,83250,9576.9
SK,Women,1674,399,421,68884,7761.900000000001
SK,Men,1054,662,257,53450,6016.6
SK,Men,1119,668,103,58283,6496.900000000001
SK,Women,2570,660,478,71457,8467.300000000001
SK,Men,2554,450,325,69366,8158.200000000001
SK,Men,2071,683,209,66693,7744.400000000001
SK,Women,1552,441,433,55131,6352.8
SK,Men,1569,587,479,80769,8976.400000000001
SK,Men,1774,301,223,61735,7018.0
SK,Women,2370,316,430,74533,8582.1
SK,Men,2391,387,450,50497,6212.200000000001
SK,Men,2796,680,278,96045,10982.5
SK,Women,1297,659,110,80477,8786.2
SK,Men,2562,676,345,90348,10331.400000000001
SK,Men,1303,600,243,68295,7579.3
SK,Women,1067,516,237,90332,9662.2
SK,Men,2398,534,377,91143,10309.100000000002
SK,Men,2656,351,135,60113,7206.0
SK,Women,1114,658,186,66744,7354.6
SK,Men,1840,563,153,63033,7238.8
SK,Men,2815,686,293,79395,9329.9
SK,Women,1681,608,290,56341,6546.900000000001
SK,Men,2255,352,212,50181,6068.1
SK,Men,1477,273,140,67229,7423.6
SK,Women,1128,580,351,64383,7133.700000000001
SK,Men,2213,286,390,71278,8176.8
SK,Men,1742,459,125,93557,10215.2
SK,Women,2234,550,178,55650,6659.2
SK,Men,2408,476,329,98126,10984.4
SK,Men,2873,535,391,72257,8613.6
SK,Women,1932,493,259,79225,8895.0
SK,Men,2584,364,360,75878,8802.6
SK,Men,1077,255,249,72040,7761.1
SK,Women,2349,227,389,55593,6644.8
SK,Men,1930,411,448,97594,10744.3
SK,Men,1524,606,350,87522,9613.6
SK,Women,1035,479,453,67064,7354.700000000001
SK,Men,2099,349,175,60485,7027.8
ARF,Kids,1676,200,311,50996,5892.200000000001
ARF,Men,2640,355,147,50820,6273.9
ARF,Women,1777,557,141,57051,6611.200000000001
ARF,Kids,2364,602,456,50315,6248.9
ARF,Men,2665,670,109,70471,8335.9
ARF,Women,2885,240,335,88400,10133.0
ARF,Kids,1875,356,143,82107,9096.1
ARF,Men,2441,571,318,85752,9786.5
ARF,Women,2573,456,275,96271,10848.1
ARF,Kids,1022,368,299,71777,7756.700000000001
ARF,Men,1970,424,273,84221,9391.9
ARF,Women,2981,605,101,94638,10857.900000000001
ARF,Kids,2534,481,482,68966,8150.900000000001
ARF,Men,1091,442,395,91773,9825.300000000001
ARF,Women,1974,672,153,51919,6213.700000000001
ARF,Kids,1314,300,401,61045,6800.3
ARF,Men,2538,277,421,55983,6780.8
ARF,Women,2389,401,200,72726,8388.5
ARF,Kids,2516,498,426,70113,8252.300000000001
ARF,Men,2573,412,427,60802,7318.400000000001
ARF,Women,2989,260,115,75622,8858.800000000001
ARF,Kids,1455,571,448,69900,7832.9
ARF,Men,2403,225,224,72415,8315.0
ARF,Women,2945,443,473,76621,9067.6
ARF,Kids,1230,600,472,76609,8427.300000000001
ARF,Men,1582,579,368,57746,6654.700000000001
ARF,Women,1803,212,128,55681,6378.5
ARF,Kids,1398,352,311,78356,8562.6
ARF,Men,2647,391,415,69062,8165.300000000001
ARF,Women,2327,621,124,75794,8721.300000000001
ARF,Kids,2443,391,183,54882,6619.300000000001
ARF,Men,1594,410,304,56163,6437.7
ARF,Women,1642,311,286,59820,6789.3
ARF,Kids,2812,531,447,97604,11133.9
ARF,Men,1735,544,350,94111,10338.300000000001
ARF,Women,2218,291,176,72909,8300.6
ARF,Kids,2219,537,195,91009,10188.6
ARF,Men,1042,306,153,91325,9671.7
ARF,Women,1873,425,201,73551,8272.0
ARF,Kids,1175,393,322,83897,9042.0
ARF,Men,1411,516,150,76298,8379.0
ARF,Women,2521,388,350,55278,6722.6
ARF,Kids,1635,440,422,83690,9239.4
ARF,Men,2475,636,329,66811,7927.700000000001
ARF,Women,1210,530,297,82228,8925.2
ARF,Kids,2066,636,177,77848,8837.4
ARF,Men,2901,573,339,59007,7300.800000000001
ARF,Women,1120,208,481,53316,5938.200000000001
ARF,Kids,2850,282,466,98214,11139.199999999999
ARF,Men,2388,293,410,54515,6576.6
ARF,Women,1619,657,216,75595,8447.4
ARF,Kids,1843,294,151,91170,9972.6
ARF,Men,2917,690,284,76090,9039.6
ARF,Women,2551,468,242,76806,8889.800000000001
ARF,Kids,2879,593,353,66060,8006.1
ARF,Men,1913,592,403,76934,8716.800000000001
ARF,Women,1122,463,422,68167,7488.800000000001
ARF,Kids,2482,572,397,50833,6327.1
ARF,Men,1998,619,322,75099,8559.2
ARF,Women,2091,536,437,75027,8587.300000000001
ARF,Kids,1746,519,486,74360,8387.3
ARF,Men,1166,427,325,53187,5978.200000000001
ARF,Women,2740,626,477,62054,7584.6
ARF,Kids,1679,541,353,56115,6516.0
ARF,Men,2937,349,256,84589,9789.6
ARF,Women,2080,523,191,61924,7219.5
ARF,Kids,2684,511,315,83860,9675.9
ARF,Men,2488,333,472,59922,7181.700000000001
ARF,Women,2757,324,482,54982,6794.6
ARF,Kids,2097,579,251,84166,9479.300000000001
ARF,Men,2361,482,349,86189,9777.699999999999
ARF,Women,1480,673,406,95810,10456.1
ARF,Kids,2090,327,350,87797,9783.800000000001
ARF,Men,2565,545,104,86070,9817.3
ARF,Women,1422,484,270,76507,8418.7
